Linckia - Huai Hai Community,,https://source.unsplash.com/random/782x180,Co-working Space,1,Public
Linckia - Dong Hai 7th,,https://source.unsplash.com/random/782x181,Co-working Space,2,Public
Chuangzhi Community,,https://source.unsplash.com/random/782x182,Co-working Space,3,Public
COWORK - Chuanzhi World Business Center,,https://source.unsplash.com/random/782x183,Co-working Space,4,Public
SOHO 3Q - Bund 3Q l,,https://source.unsplash.com/random/782x184,Co-working Space,5,Public
SOHO3Q - Bund 3Q II,,https://source.unsplash.com/random/782x185,Co-working Space,6,Public
SOHO3Q - Sky 3Q,,https://source.unsplash.com/random/782x186,Co-working Space,7,Public
Linckia - Tongji Community,,https://source.unsplash.com/random/782x187,Co-working Space,8,Public
XNode - Zhang Jiang,,https://source.unsplash.com/random/782x188,Co-working Space,9,Public
XNode - Hong Qiao,,https://source.unsplash.com/random/782x189,Co-working Space,10,Public
Naked Hub - Xikang,,https://source.unsplash.com/random/782x190,Co-working Space,11,Public
MIXPACE Townhide,,https://source.unsplash.com/random/782x191,Co-working Space,12,Public
Naked Hub - Fu Xing Lu,,https://source.unsplash.com/random/782x192,Co-working Space,13,Public
We Geek,,https://source.unsplash.com/random/782x193,Co-working Space,14,Public
Terminal,,https://source.unsplash.com/random/782x194,Co-working Space,15,Public
UG Startup Factory,,https://source.unsplash.com/random/782x195,Co-working Space,16,Public
Vere Loft,,https://source.unsplash.com/random/782x196,Co-working Space,17,Public
Generator 9.8,,https://source.unsplash.com/random/782x197,Co-working Space,18,Public
Publica,,https://source.unsplash.com/random/782x198,Co-working Space,19,Public
Dev X,,https://source.unsplash.com/random/782x199,Co-working Space,20,Public
Uncubate,,https://source.unsplash.com/random/782x200,Co-working Space,21,Public
DoubleO,,https://source.unsplash.com/random/782x201,Co-working Space,22,Public
Pravel CoWorking Space,,https://source.unsplash.com/random/782x202,Co-working Space,23,Public
14 The Hub,,https://source.unsplash.com/random/782x203,Co-working Space,24,Public
Daftar - The coworking space,,https://source.unsplash.com/random/782x204,Co-working Space,25,Public
5B Colab,,https://source.unsplash.com/random/782x205,Co-working Space,26,Public
Pravel Solutions,,https://source.unsplash.com/random/782x206,Co-working Space,27,Public
Next57 Coworking,,https://source.unsplash.com/random/782x207,Co-working Space,28,Public
InstaOffice,,https://source.unsplash.com/random/782x208,Co-working Space,29,Public
Spaces,,https://source.unsplash.com/random/782x209,Co-working Space,30,Public
